group	pos	aa
FullLoF	16	X
FullLoF	35	X
FullLoF	69	M
FullLoF	69	R
FullLoF	78	L
FullLoF	80	X
FullLoF	84	R
FullLoF	94	R
FullLoF	95	I
FullLoF	97	D
FullLoF	98	R
FullLoF	106	P
FullLoF	125	K
FullLoF	136	P
FullLoF	172	R
FullLoF	174	C
FullLoF	181	D
FullLoF	194	T
FullLoF	260	Q
FullLoF	269	N
FullLoF	271	Y
FullLoF	287	X
FullLoF	299	H
FullLoF	299	L
FullLoF	307	X
PartialLoF	7	C
PartialLoF	58	C
PartialLoF	61	K
PartialLoF	62	S
PartialLoF	72	K
PartialLoF	90	N
PartialLoF	94	N
PartialLoF	102	S
PartialLoF	121	T
PartialLoF	127	L
PartialLoF	137	T
PartialLoF	150	I
PartialLoF	157	S
PartialLoF	161	T
PartialLoF	162	I
PartialLoF	165	G
PartialLoF	165	Q
PartialLoF	165	W
PartialLoF	170	V
PartialLoF	230	L
PartialLoF	250	Q
PartialLoF	252	S
PartialLoF	261	S
PartialLoF	271	R
PartialLoF	272	L
PartialLoF	301	T
PartialLoF	302	F
PartialLoF	303	P
PartialLoF	305	W
PartialLoF	310	K
PartialLoF	316	S
PartialLoF	325	F
MildLoF	50	M
MildLoF	54	P
MildLoF	69	T
MildLoF	76	R
MildLoF	112	M
MildLoF	146	N
MildLoF	195	S
MildLoF	215	L
MildLoF	244	E
MildLoF	251	L
MildLoF	253	I
MildLoF	280	L
MildLoF	300	P
MildLoF	317	T
MildLoF	317	V