wt_aa	pos	mut_aa
S	4	F
T	5	N
H	6	A
R	7	C
R	7	H
T	11	A
T	11	S
W	16	X
R	18	C
R	18	H
R	18	L
S	19	G
L	23	R
S	30	E
S	30	F
G	32	E
G	34	A
Y	35	X
Y	35	C
S	36	T
D	37	V
D	37	X
C	40	R
E	42	K
Q	43	K
Q	43	X
P	48	S
V	50	M
F	51	L
T	53	I
L	54	P
G	55	D
G	55	V
S	58	C
E	61	G
E	61	K
N	62	S
I	69	M
I	69	R
I	69	T
A	70	D
A	70	T
N	72	K
K	73	R
N	74	I
H	76	R
S	77	L
P	78	L
M	79	I
M	79	V
Y	80	C
Y	80	X
C	84	R
S	85	I
L	86	F
A	87	D
D	90	A
D	90	N
M	91	R
S	94	N
S	94	R
V	95	A
V	95	I
N	97	D
G	98	R
T	101	A
T	101	N
I	102	S
I	102	T
V	103	I
L	106	P
T	112	M
T	112	K
I	121	T
N	123	S
I	125	K
I	125	V
D	126	E
D	126	Y
S	127	L
A	135	P
S	136	F
S	136	P
I	137	T
S	139	R
L	140	P
L	141	H
L	141	R
D	146	N
D	146	V
T	150	I
A	154	D
A	154	V
Q	156	P
Q	156	R
Q	156	X
Y	157	S
H	158	R
I	160	M
M	161	T
T	162	I
T	162	R
V	163	I
R	165	G
R	165	Q
R	165	W
V	166	I
I	169	S
I	170	V
C	172	R
W	174	C
A	175	T
T	178	M
S	180	P
G	181	D
L	183	F
F	184	L
I	186	V
S	191	T
I	194	T
I	195	M
I	195	S
I	195	V
M	200	V
F	201	L
F	202	L
M	208	V
L	211	V
M	215	I
M	215	L
M	218	T
A	219	S
A	219	V
I	226	T
A	227	T
P	230	L
G	231	S
G	231	V
T	232	S
R	236	C
R	236	H
G	238	D
N	240	S
G	243	R
A	244	E
A	244	V
T	246	N
L	250	Q
I	251	L
G	252	S
V	253	I
V	255	I
A	259	V
P	260	Q
F	261	S
I	266	A
F	267	L
Y	268	I
I	269	N
I	269	V
S	270	L
C	271	Y
C	271	F
C	271	R
P	272	R
P	272	L
Q	273	P
Q	273	X
N	274	S
P	275	S
Y	276	C
C	277	X
C	279	R
C	279	Y
F	280	L
M	281	V
H	283	Y
Y	287	X
I	289	L
N	294	H
S	295	P
I	297	N
D	298	A
P	299	H
P	299	L
P	299	S
L	300	P
I	301	T
Y	302	F
A	303	P
A	303	T
L	304	F
R	305	S
R	305	W
R	305	Q
S	306	N
Q	307	X
E	308	K
R	310	K
T	312	S
I	316	S
I	317	T
I	317	F
I	317	V
G	323	V
L	325	I
L	325	F
C	326	R
L	328	X
Y	332	C
Y	332	H