annotation,aa_long,pos,wt
aMSH,val,119,V
aMSH,asp,122,D
aMSH,ile,104,I
aMSH,glu,100,E
aMSH,thr,101,T
aMSH,asn,285,N
aMSH,asn,97,N
aMSH,leu,288,L
aMSH,phe,284,F
aMSH,phe,51,F
aMSH,asp,126,D
aMSH,ile,129,I
aMSH,cys,130,C
aMSH,leu,133,L
aMSH,ile,185,I
aMSH,ser,188,S
aMSH,ile,194,I
aMSH,leu,197,L
aMSH,leu,265,L
aMSH,his,264,H
aMSH,tyr,268,Y
aMSH,gln,43,Q
aMSH,pro,272,P
aMSH,met,281,M
aMSH,gln,273,Q
THIQ,phe,45,F
THIQ,ile,104,I
THIQ,thr,101,T
THIQ,asn,285,N
THIQ,glu,100,E
THIQ,asp,122,D
THIQ,asp,126,D
THIQ,ile,129,I
THIQ,cys,130,C
THIQ,leu,133,L
THIQ,phe,261,F
THIQ,phe,284,F
THIQ,leu,288,L
THIQ,ser,188,S
THIQ,ile,194,I
THIQ,leu,197,L
THIQ,his,264,H
THIQ,tyr,268,Y
G-protein,his,222,H
G-protein,ile,223,I
G-protein,lys,242,K
G-protein,thr,246,T
G-protein,met,215,M
G-protein,ala,219,A
G-protein,gly,243,G
G-protein,arg,305,R
G-protein,ile,151,I
G-protein,arg,147,R
G-protein,met,79,M
G-protein,thr,150,T
G-protein,arg,225,R
G-protein,ile,226,I
G-protein,leu,155,L
G-protein,ala,154,A
G-protein,gly,231,G
G-protein,leu,229,L
G-protein,pro,230,P
G-protein,his,158,H
G-protein,asn,159,N
G-protein,thr,162,T
G-protein,asn,74,N
G-protein,lys,73,K