ref,location,compound,wt,pos,bw,aa,pec50,pec50_err,emax,emax_err,sample_size,expression,expression_err
https://doi.org/10.1038/s41422-021-00552-3,NA,THIQ,WT,NA,NA,WT,7.75,0.05,99,1,10,100,NA
https://doi.org/10.1038/s41422-021-00552-3,Active Site,THIQ,Q,43,N,A,7.52,0.03,132,16,3,105,11
https://doi.org/10.1038/s41422-021-00552-3,Active Site,THIQ,F,45,N,A,7.97,0.02,116,2,3,118,17
https://doi.org/10.1038/s41422-021-00552-3,Active Site,THIQ,F,51,1.39,A,6.82,0.10,63,7,3,58,2
https://doi.org/10.1038/s41422-021-00552-3,Active Site,THIQ,E,100,2.60,A,5.84,0.16,76,7,3,124,22
https://doi.org/10.1038/s41422-021-00552-3,Active Site,THIQ,T,101,2.61,A,7.09,0.08,88,12,3,152,11
https://doi.org/10.1038/s41422-021-00552-3,Active Site,THIQ,I,104,2.64,A,7.51,0.17,118,9,3,119,8
https://doi.org/10.1038/s41422-021-00552-3,Active Site,THIQ,V,119,3.22,A,8.07,0.05,121,10,3,110,14
https://doi.org/10.1038/s41422-021-00552-3,Active Site,THIQ,D,122,3.25,A,6.60,0.04,71,14,3,91,13
https://doi.org/10.1038/s41422-021-00552-3,Active Site,THIQ,D,126,3.29,A,5.50,0.09,108,4,3,99,5
https://doi.org/10.1038/s41422-021-00552-3,Active Site,THIQ,I,129,3.32,A,6.75,0.05,80,7,3,68,8
https://doi.org/10.1038/s41422-021-00552-3,Active Site,THIQ,C,130,3.33,A,7.03,0.12,132,12,3,112,13
https://doi.org/10.1038/s41422-021-00552-3,Active Site,THIQ,L,133,3.36,A,7.29,0.10,85,14,3,118,7
https://doi.org/10.1038/s41422-021-00552-3,Active Site,THIQ,I,185,4.61,A,5.78,0.07,61,7,3,143,11
https://doi.org/10.1038/s41422-021-00552-3,Active Site,THIQ,S,188,4.64,A,7.52,0.05,125,16,3,99,6
https://doi.org/10.1038/s41422-021-00552-3,Active Site,THIQ,I,194,5.40,A,7.38,0.06,80,3,3,58,15
https://doi.org/10.1038/s41422-021-00552-3,Active Site,THIQ,L,197,5.43,A,7.27,0.01,84,12,3,74,4
https://doi.org/10.1038/s41422-021-00552-3,Active Site,THIQ,F,261,6.51,A,6.58,0.07,131,21,3,21,5
https://doi.org/10.1038/s41422-021-00552-3,Active Site,THIQ,H,264,6.54,A,NA,NA,3,134,20
https://doi.org/10.1038/s41422-021-00552-3,Active Site,THIQ,L,265,6.55,A,6.51,0.04,72,5,3,83,15
https://doi.org/10.1038/s41422-021-00552-3,Active Site,THIQ,Y,268,6.58,A,7.52,0.12,95,17,3,119,7
https://doi.org/10.1038/s41422-021-00552-3,Active Site,THIQ,P,272,ECL3,A,7.82,0.03,168,20,4,26,6
https://doi.org/10.1038/s41422-021-00552-3,Active Site,THIQ,Q,273,ECL3,A,7.88,0.06,156,24,4,106,12
https://doi.org/10.1038/s41422-021-00552-3,Active Site,THIQ,M,281,ECL3,A,7.62,0.10,130,32,3,25,4
https://doi.org/10.1038/s41422-021-00552-3,Active Site,THIQ,F,284,7.35,A,6.50,0.07,100,28,4,100,10
https://doi.org/10.1038/s41422-021-00552-3,Active Site,THIQ,N,285,7.36,A,7.74,0.13,187,13,3,38,12
https://doi.org/10.1038/s41422-021-00552-3,Active Site,THIQ,L,288,7.39,A,6.65,0.07,85,15,3,68,14
https://doi.org/10.1038/s41422-021-00552-3,Active Site,THIQ,N,97,2.57,A,NA,NA,2,12,5
https://doi.org/10.1038/s41422-021-00552-3,Active Site,THIQ,N,97,2.57,L,8.06,0.07,69,21,2,186,32
https://doi.org/10.1038/s41422-021-00552-3,Active Site,THIQ,I,129,3.32,T,6.69,0.04,81,7,3,84,13
https://doi.org/10.1038/s41422-021-00552-3,Active Site,THIQ,S,188,4.64,Y,6.84,0.20,135,7,3,130,13
https://doi.org/10.1038/s41422-021-00552-3,Active Site,THIQ,Y,268,6.58,I,7.10,0.19,141,13,3,93,6
https://doi.org/10.1038/s41422-021-00552-3,NA,aMSH,WT,NA,NA,WT,8.36,0.05,99,1,18,100,NA
https://doi.org/10.1038/s41422-021-00552-3,Active Site,aMSH,Q,43,N,A,7.67,0.07,132,10,3,98,8
https://doi.org/10.1038/s41422-021-00552-3,Active Site,aMSH,F,45,N,A,8.38,0.06,110,9,3,128,12
https://doi.org/10.1038/s41422-021-00552-3,Active Site,aMSH,F,51,1.39,A,6.31,0.08,78,5,3,72,14
https://doi.org/10.1038/s41422-021-00552-3,Active Site,aMSH,E,100,2.60,A,NA,NA,3,136,31
https://doi.org/10.1038/s41422-021-00552-3,Active Site,aMSH,T,101,2.61,A,7.73,0.09,120,11,3,159,25
https://doi.org/10.1038/s41422-021-00552-3,Active Site,aMSH,I,104,2.64,A,7.25,0.07,92,3,3,111,14
https://doi.org/10.1038/s41422-021-00552-3,Active Site,aMSH,V,119,3.22,A,8.56,0.10,89,5,3,121,7
https://doi.org/10.1038/s41422-021-00552-3,Active Site,aMSH,D,122,3.25,A,NA,NA,3,88,10
https://doi.org/10.1038/s41422-021-00552-3,Active Site,aMSH,D,126,3.29,A,NA,NA,3,106,7
https://doi.org/10.1038/s41422-021-00552-3,Active Site,aMSH,I,129,3.32,A,7.74,0.16,76,6,3,62,3
https://doi.org/10.1038/s41422-021-00552-3,Active Site,aMSH,C,130,3.33,A,7.42,0.14,131,11,3,126,8
https://doi.org/10.1038/s41422-021-00552-3,Active Site,aMSH,L,133,3.36,A,7.51,0.04,103,16,5,137,14
https://doi.org/10.1038/s41422-021-00552-3,Active Site,aMSH,I,185,4.61,A,NA,NA,3,135,13
https://doi.org/10.1038/s41422-021-00552-3,Active Site,aMSH,S,188,4.64,A,7.93,0.09,167,16,3,108,6
https://doi.org/10.1038/s41422-021-00552-3,Active Site,aMSH,I,194,5.40,A,6.80,0.13,166,6,3,49,14
https://doi.org/10.1038/s41422-021-00552-3,Active Site,aMSH,L,197,5.43,A,7.15,0.08,117,10,3,75,6
https://doi.org/10.1038/s41422-021-00552-3,Active Site,aMSH,F,261,6.51,A,7.31,0.09,172,11,3,28,7
https://doi.org/10.1038/s41422-021-00552-3,Active Site,aMSH,H,264,6.54,A,NA,NA,3,140,9
https://doi.org/10.1038/s41422-021-00552-3,Active Site,aMSH,L,265,6.55,A,6.64,0.11,93,8,3,78,3
https://doi.org/10.1038/s41422-021-00552-3,Active Site,aMSH,Y,268,6.58,A,7.61,0.12,72,4,3,126,6
https://doi.org/10.1038/s41422-021-00552-3,Active Site,aMSH,P,272,ECL3,A,8.15,0.06,160,14,5,24,2
https://doi.org/10.1038/s41422-021-00552-3,Active Site,aMSH,Q,273,ECL3,A,8.39,0.06,129,19,4,98,10
https://doi.org/10.1038/s41422-021-00552-3,Active Site,aMSH,M,281,ECL3,A,7.87,0.16,157,11,4,28,4
https://doi.org/10.1038/s41422-021-00552-3,Active Site,aMSH,F,284,7.35,A,6.89,0.13,53,2,3,94,27
https://doi.org/10.1038/s41422-021-00552-3,Active Site,aMSH,N,285,7.36,A,7.74,0.04,151,18,6,26,5
https://doi.org/10.1038/s41422-021-00552-3,Active Site,aMSH,L,288,7.39,A,6.29,0.16,112,6,3,73,11
https://doi.org/10.1038/s41422-021-00552-3,Active Site,aMSH,N,97,2.57,A,NA,NA,3,17,1
https://doi.org/10.1038/s41422-021-00552-3,Active Site,aMSH,N,97,2.57,L,8.73,0.03,74,10,4,183,19
https://doi.org/10.1038/s41422-021-00552-3,Active Site,aMSH,I,129,3.32,T,8.55,0.11,141,9,3,84,13
https://doi.org/10.1038/s41422-021-00552-3,Active Site,aMSH,S,188,4.64,Y,7.78,0.05,133,6,3,111,35
https://doi.org/10.1038/s41422-021-00552-3,Active Site,aMSH,Y,268,6.58,I,8.07,0.06,135,24,3,67,8
https://doi.org/10.1038/s41422-021-00552-3,G-protein interface,aMSH,K,73,ICL1,A,8.41,0.04,102,9,3,68,7
https://doi.org/10.1038/s41422-021-00552-3,G-protein interface,aMSH,N,74,ICL1,A,9.37,0.06,133,3,3,107,14
https://doi.org/10.1038/s41422-021-00552-3,G-protein interface,aMSH,M,79,2.39,A,8.38,0.03,103,9,3,44,3
https://doi.org/10.1038/s41422-021-00552-3,G-protein interface,aMSH,R,305,7.56,A,7.44,0.06,93,13,4,91,5
https://doi.org/10.1038/s41422-021-00552-3,G-protein interface,aMSH,R,147,3.50,A,7.38,0.08,103,3,3,96,6
https://doi.org/10.1038/s41422-021-00552-3,G-protein interface,aMSH,L,155,ICL2,A,7.34,0.06,91,24,4,171,20
https://doi.org/10.1038/s41422-021-00552-3,G-protein interface,aMSH,N,159,ICL2,A,8.53,0.18,137,2,3,111,46
https://doi.org/10.1038/s41422-021-00552-3,G-protein interface,aMSH,Q,156,ICL2,A,8.32,0.05,138,6,3,69,18
https://doi.org/10.1038/s41422-021-00552-3,G-protein interface,aMSH,R,225,5.71,A,8.38,0.07,79,4,3,99,9
https://doi.org/10.1038/s41422-021-00552-3,G-protein interface,aMSH,K,242,6.32,A,7.49,0.12,157,15,3,90,14
https://doi.org/10.1038/s41422-021-00552-3,G-protein interface,aMSH,T,150,3.53,A,NA,NA,3,208,27
https://doi.org/10.1038/s41422-021-00552-3,G-protein interface,aMSH,T,246,6.36,A,7.64,0.04,151,16,3,27,11
https://doi.org/10.1038/s41422-021-00552-3,G-protein interface,aMSH,H,222,5.68,A,8.38,0.17,106,9,3,95,9
https://doi.org/10.1038/s41422-021-00552-3,G-protein interface,aMSH,I,226,5.72,A,8.32,0.11,114,12,4,145,12
https://doi.org/10.1038/s41422-021-00552-3,G-protein interface,aMSH,Y,157,ICL2,A,7.12,0.09,132,12,3,22,4
https://doi.org/10.1038/s41422-021-00552-3,G-protein interface,aMSH,H,158,ICL2,A,9.07,0.03,151,11,3,70,4
https://doi.org/10.1038/s41422-021-00552-3,G-protein interface,aMSH,T,162,4.38,A,7.25,0.08,167,12,3,24,4
https://doi.org/10.1038/s41422-021-00552-3,G-protein interface,aMSH,M,215,5.61,A,7.19,0.03,90,7,3,74,11
https://doi.org/10.1038/s41422-021-00552-3,G-protein interface,aMSH,V,228,ICL3,A,8.49,0.04,143,12,4,118,9
https://doi.org/10.1038/s41422-021-00552-3,G-protein interface,aMSH,I,223,5.69,A,8.30,0.05,121,13,4,129,6