plate,library,drug,conc,value,reporter
Plate3,WT,DMSO,0,284,Gs
Plate3,WT,DMSO,0,303,Gs
Plate3,WT,DMSO,0,225,Gs
Plate3,WT,DMSO,0,225,Gs
Plate3,WT,DMSO,0,293,Gs
Plate3,WT,DMSO,0,197,Gs
Plate3,WT,aMSH,1e-13,303,Gs
Plate3,WT,aMSH,1e-13,246,Gs
Plate3,WT,aMSH,1e-13,316,Gs
Plate3,WT,aMSH,4.6e-13,296,Gs
Plate3,WT,aMSH,4.6e-13,237,Gs
Plate3,WT,aMSH,4.6e-13,238,Gs
Plate3,WT,aMSH,2.12e-12,283,Gs
Plate3,WT,aMSH,2.12e-12,609,Gs
Plate3,WT,aMSH,2.12e-12,336,Gs
Plate3,WT,aMSH,9.73e-12,688,Gs
Plate3,WT,aMSH,9.73e-12,723,Gs
Plate3,WT,aMSH,9.73e-12,795,Gs
Plate3,WT,aMSH,4.48e-11,1373,Gs
Plate3,WT,aMSH,4.48e-11,2277,Gs
Plate3,WT,aMSH,4.48e-11,2524,Gs
Plate3,WT,aMSH,2.06e-10,8111,Gs
Plate3,WT,aMSH,2.06e-10,14651,Gs
Plate3,WT,aMSH,2.06e-10,7183,Gs
Plate3,WT,aMSH,9.47e-10,12436,Gs
Plate3,WT,aMSH,9.47e-10,12361,Gs
Plate3,WT,aMSH,9.47e-10,9719,Gs
Plate3,WT,aMSH,4.36e-9,19274,Gs
Plate3,WT,aMSH,4.36e-9,17605,Gs
Plate3,WT,aMSH,4.36e-9,16366,Gs
Plate3,WT,aMSH,2e-8,11108,Gs
Plate3,WT,aMSH,2e-8,14444,Gs
Plate3,WT,aMSH,2e-8,13822,Gs
Plate3,WT,aMSH,9.22e-8,19336,Gs
Plate3,WT,aMSH,9.22e-8,17305,Gs
Plate3,WT,aMSH,9.22e-8,16655,Gs
Plate3,WT,aMSH,4.24e-7,19740,Gs
Plate3,WT,aMSH,4.24e-7,22437,Gs
Plate3,WT,aMSH,4.24e-7,16815,Gs
Plate3,WT,aMSH,1.95e-6,23939,Gs
Plate3,WT,aMSH,1.95e-6,21791,Gs
Plate3,WT,aMSH,1.95e-6,22870,Gs
Plate3,WT,aMSH,8.98e-6,26421,Gs
Plate3,WT,aMSH,8.98e-6,26298,Gs
Plate3,WT,aMSH,8.98e-6,27695,Gs
Plate3,WT,aMSH,4.13e-5,37171,Gs
Plate3,WT,aMSH,4.13e-5,40484,Gs
Plate3,WT,aMSH,4.13e-5,42748,Gs
Plate3,WT,DMSO,0,402,Gs
Plate3,WT,DMSO,0,622,Gs
Plate3,WT,DMSO,0,313,Gs
Plate3,WT,DMSO,0,257,Gs
Plate3,WT,DMSO,0,264,Gs
Plate3,WT,DMSO,0,157,Gs
Plate3,WT,THIQ,1e-13,175,Gs
Plate3,WT,THIQ,1e-13,296,Gs
Plate3,WT,THIQ,1e-13,206,Gs
Plate3,WT,THIQ,4.6e-13,265,Gs
Plate3,WT,THIQ,4.6e-13,237,Gs
Plate3,WT,THIQ,4.6e-13,230,Gs
Plate3,WT,THIQ,2.12e-12,232,Gs
Plate3,WT,THIQ,2.12e-12,180,Gs
Plate3,WT,THIQ,2.12e-12,219,Gs
Plate3,WT,THIQ,9.73e-12,341,Gs
Plate3,WT,THIQ,9.73e-12,351,Gs
Plate3,WT,THIQ,9.73e-12,404,Gs
Plate3,WT,THIQ,4.48e-11,982,Gs
Plate3,WT,THIQ,4.48e-11,3868,Gs
Plate3,WT,THIQ,4.48e-11,4879,Gs
Plate3,WT,THIQ,2.06e-10,12182,Gs
Plate3,WT,THIQ,2.06e-10,9105,Gs
Plate3,WT,THIQ,2.06e-10,10853,Gs
Plate3,WT,THIQ,9.47e-10,9404,Gs
Plate3,WT,THIQ,9.47e-10,10846,Gs
Plate3,WT,THIQ,9.47e-10,6228,Gs
Plate3,WT,THIQ,4.36e-9,11820,Gs
Plate3,WT,THIQ,4.36e-9,16149,Gs
Plate3,WT,THIQ,4.36e-9,15730,Gs
Plate3,WT,THIQ,2e-8,15164,Gs
Plate3,WT,THIQ,2e-8,18676,Gs
Plate3,WT,THIQ,2e-8,15795,Gs
Plate3,WT,THIQ,9.22e-8,22936,Gs
Plate3,WT,THIQ,9.22e-8,22395,Gs
Plate3,WT,THIQ,9.22e-8,20487,Gs
Plate3,WT,THIQ,4.24e-7,17471,Gs
Plate3,WT,THIQ,4.24e-7,13630,Gs
Plate3,WT,THIQ,4.24e-7,22318,Gs
Plate3,WT,THIQ,1.95e-6,17655,Gs
Plate3,WT,THIQ,1.95e-6,17904,Gs
Plate3,WT,THIQ,1.95e-6,18948,Gs
Plate3,WT,THIQ,8.98e-6,11711,Gs
Plate3,WT,THIQ,8.98e-6,10743,Gs
Plate3,WT,THIQ,8.98e-6,11487,Gs
Plate3,WT,THIQ,4.13e-5,95,Gs
Plate3,WT,THIQ,4.13e-5,48,Gs
Plate3,WT,THIQ,4.13e-5,54,Gs
