Pos	WT_Codon	WT_AA_Short	WT_AA
1	ATG	M	Met
2	GTC	V	Val
3	AAC	N	Asn
4	TCT	S	Ser
5	ACA	T	Thr
6	CAC	H	His
7	CGG	R	Arg
8	GGA	G	Gly
9	ATG	M	Met
10	CAC	H	His
11	ACC	T	Thr
12	TCC	S	Ser
13	CTC	L	Leu
14	CAT	H	His
15	CTG	L	Leu
16	TGG	W	Trp
17	AAC	N	Asn
18	CGC	R	Arg
19	TCC	S	Ser
20	TCT	S	Ser
21	TAT	Y	Tyr
22	CGC	R	Arg
23	CTA	L	Leu
24	CAC	H	His
25	TCG	S	Ser
26	AAC	N	Asn
27	GCT	A	Ala
28	TCC	S	Ser
29	GAG	E	Glu
30	TCT	S	Ser
31	CTG	L	Leu
32	GGG	G	Gly
33	AAG	K	Lys
34	GGC	G	Gly
35	TAC	Y	Tyr
36	TCT	S	Ser
37	GAC	D	Asp
38	GGA	G	Gly
39	GGC	G	Gly
40	TGT	C	Cys
41	TAT	Y	Tyr
42	GAA	E	Glu
43	CAA	Q	Gln
44	CTT	L	Leu
45	TTT	F	Phe
46	GTC	V	Val
47	TCT	S	Ser
48	CCT	P	Pro
49	GAG	E	Glu
50	GTT	V	Val
51	TTC	F	Phe
52	GTC	V	Val
53	ACT	T	Thr
54	CTA	L	Leu
55	GGC	G	Gly
56	GTT	V	Val
57	ATA	I	Ile
58	TCA	S	Ser
59	TTA	L	Leu
60	CTG	L	Leu
61	GAG	E	Glu
62	AAC	N	Asn
63	ATT	I	Ile
64	CTT	L	Leu
65	GTC	V	Val
66	ATT	I	Ile
67	GTC	V	Val
68	GCC	A	Ala
69	ATA	I	Ile
70	GCC	A	Ala
71	AAA	K	Lys
72	AAT	N	Asn
73	AAG	K	Lys
74	AAC	N	Asn
75	CTG	L	Leu
76	CAT	H	His
77	TCC	S	Ser
78	CCA	P	Pro
79	ATG	M	Met
80	TAC	Y	Tyr
81	TTC	F	Phe
82	TTT	F	Phe
83	ATT	I	Ile
84	TGC	C	Cys
85	TCC	S	Ser
86	CTG	L	Leu
87	GCT	A	Ala
88	GTC	V	Val
89	GCC	A	Ala
90	GAC	D	Asp
91	ATG	M	Met
92	TTA	L	Leu
93	GTT	V	Val
94	TCT	S	Ser
95	GTC	V	Val
96	TCC	S	Ser
97	AAC	N	Asn
98	GGG	G	Gly
99	TCT	S	Ser
100	GAA	E	Glu
101	ACT	T	Thr
102	ATC	I	Ile
103	GTC	V	Val
104	ATA	I	Ile
105	ACC	T	Thr
106	CTA	L	Leu
107	CTC	L	Leu
108	AAC	N	Asn
109	TCA	S	Ser
110	ACC	T	Thr
111	GAT	D	Asp
112	ACC	T	Thr
113	GAC	D	Asp
114	GCC	A	Ala
115	CAA	Q	Gln
116	TCC	S	Ser
117	TTC	F	Phe
118	ACC	T	Thr
119	GTC	V	Val
120	AAC	N	Asn
121	ATT	I	Ile
122	GAC	D	Asp
123	AAT	N	Asn
124	GTC	V	Val
125	ATC	I	Ile
126	GAC	D	Asp
127	TCC	S	Ser
128	GTT	V	Val
129	ATC	I	Ile
130	TGT	C	Cys
131	TCT	S	Ser
132	TCC	S	Ser
133	CTG	L	Leu
134	CTC	L	Leu
135	GCT	A	Ala
136	TCA	S	Ser
137	ATC	I	Ile
138	TGC	C	Cys
139	TCT	S	Ser
140	CTC	L	Leu
141	CTG	L	Leu
142	TCC	S	Ser
143	ATC	I	Ile
144	GCT	A	Ala
145	GTC	V	Val
146	GAT	D	Asp
147	CGC	R	Arg
148	TAC	Y	Tyr
149	TTC	F	Phe
150	ACT	T	Thr
151	ATC	I	Ile
152	TTC	F	Phe
153	TAT	Y	Tyr
154	GCT	A	Ala
155	CTC	L	Leu
156	CAA	Q	Gln
157	TAT	Y	Tyr
158	CAC	H	His
159	AAT	N	Asn
160	ATC	I	Ile
161	ATG	M	Met
162	ACG	T	Thr
163	GTC	V	Val
164	AAA	K	Lys
165	CGG	R	Arg
166	GTC	V	Val
167	GGC	G	Gly
168	ATT	I	Ile
169	ATA	I	Ile
170	ATC	I	Ile
171	TCT	S	Ser
172	TGT	C	Cys
173	ATT	I	Ile
174	TGG	W	Trp
175	GCA	A	Ala
176	GCT	A	Ala
177	TGC	C	Cys
178	ACA	T	Thr
179	GTC	V	Val
180	TCA	S	Ser
181	GGC	G	Gly
182	ATC	I	Ile
183	TTG	L	Leu
184	TTC	F	Phe
185	ATC	I	Ile
186	ATC	I	Ile
187	TAT	Y	Tyr
188	TCA	S	Ser
189	GAT	D	Asp
190	TCA	S	Ser
191	TCT	S	Ser
192	GCC	A	Ala
193	GTC	V	Val
194	ATA	I	Ile
195	ATT	I	Ile
196	TGT	C	Cys
197	CTC	L	Leu
198	ATT	I	Ile
199	ACC	T	Thr
200	ATG	M	Met
201	TTT	F	Phe
202	TTC	F	Phe
203	ACT	T	Thr
204	ATG	M	Met
205	CTC	L	Leu
206	GCA	A	Ala
207	CTG	L	Leu
208	ATG	M	Met
209	GCC	A	Ala
210	TCC	S	Ser
211	CTG	L	Leu
212	TAC	Y	Tyr
213	GTC	V	Val
214	CAC	H	His
215	ATG	M	Met
216	TTT	F	Phe
217	CTA	L	Leu
218	ATG	M	Met
219	GCT	A	Ala
220	CGC	R	Arg
221	CTG	L	Leu
222	CAC	H	His
223	ATT	I	Ile
224	AAG	K	Lys
225	CGG	R	Arg
226	ATC	I	Ile
227	GCC	A	Ala
228	GTT	V	Val
229	CTG	L	Leu
230	CCT	P	Pro
231	GGC	G	Gly
232	ACG	T	Thr
233	GGA	G	Gly
234	GCC	A	Ala
235	ATC	I	Ile
236	CGC	R	Arg
237	CAA	Q	Gln
238	GGG	G	Gly
239	GCC	A	Ala
240	AAC	N	Asn
241	ATG	M	Met
242	AAA	K	Lys
243	GGC	G	Gly
244	GCA	A	Ala
245	ATA	I	Ile
246	ACA	T	Thr
247	CTC	L	Leu
248	ACA	T	Thr
249	ATC	I	Ile
250	CTC	L	Leu
251	ATT	I	Ile
252	GGC	G	Gly
253	GTC	V	Val
254	TTT	F	Phe
255	GTC	V	Val
256	GTC	V	Val
257	TGT	C	Cys
258	TGG	W	Trp
259	GCA	A	Ala
260	CCA	P	Pro
261	TTC	F	Phe
262	TTC	F	Phe
263	CTG	L	Leu
264	CAT	H	His
265	CTG	L	Leu
266	ATA	I	Ile
267	TTC	F	Phe
268	TAC	Y	Tyr
269	ATT	I	Ile
270	TCC	S	Ser
271	TGT	C	Cys
272	CCA	P	Pro
273	CAA	Q	Gln
274	AAC	N	Asn
275	CCT	P	Pro
276	TAT	Y	Tyr
277	TGT	C	Cys
278	GTC	V	Val
279	TGC	C	Cys
280	TTT	F	Phe
281	ATG	M	Met
282	TCT	S	Ser
283	CAC	H	His
284	TTC	F	Phe
285	AAC	N	Asn
286	TTG	L	Leu
287	TAC	Y	Tyr
288	CTG	L	Leu
289	ATC	I	Ile
290	CTT	L	Leu
291	ATT	I	Ile
292	ATG	M	Met
293	TGC	C	Cys
294	AAT	N	Asn
295	TCC	S	Ser
296	ATC	I	Ile
297	ATT	I	Ile
298	GAC	D	Asp
299	CCT	P	Pro
300	CTT	L	Leu
301	ATC	I	Ile
302	TAT	Y	Tyr
303	GCC	A	Ala
304	CTA	L	Leu
305	CGA	R	Arg
306	TCC	S	Ser
307	CAA	Q	Gln
308	GAG	E	Glu
309	CTG	L	Leu
310	CGA	R	Arg
311	AAA	K	Lys
312	ACA	T	Thr
313	TTT	F	Phe
314	AAG	K	Lys
315	GAG	E	Glu
316	ATA	I	Ile
317	ATT	I	Ile
318	TGC	C	Cys
319	TGC	C	Cys
320	TAC	Y	Tyr
321	CCC	P	Pro
322	CTT	L	Leu
323	GGA	G	Gly
324	GGA	G	Gly
325	CTG	L	Leu
326	TGC	C	Cys
327	GAT	D	Asp
328	CTC	L	Leu
329	TCC	S	Ser
330	TCC	S	Ser
331	CGA	R	Arg
332	TAC	Y	Tyr
