drug,conc,value,library,plate,reporter
DMSO,0,34756,WT,Plate1,Gq
aMSH,1e-10,47781,WT,Plate1,Gq
aMSH,2.5e-10,52695,WT,Plate1,Gq
aMSH,5e-10,35263,WT,Plate1,Gq
aMSH,1e-9,54136,WT,Plate1,Gq
aMSH,1.5e-9,58998,WT,Plate1,Gq
aMSH,2.5e-9,57271,WT,Plate1,Gq
aMSH,5e-9,57549,WT,Plate1,Gq
aMSH,1e-8,61197,WT,Plate1,Gq
aMSH,1e-7,114179,WT,Plate1,Gq
aMSH,1e-6,102340,WT,Plate1,Gq
DMSO,0,36839,WT,Plate1,Gq
aMSH,1e-10,47063,WT,Plate1,Gq
aMSH,2.5e-10,53909,WT,Plate1,Gq
aMSH,5e-10,31299,WT,Plate1,Gq
aMSH,1e-9,59752,WT,Plate1,Gq
aMSH,1.5e-9,69169,WT,Plate1,Gq
aMSH,2.5e-9,56068,WT,Plate1,Gq
aMSH,5e-9,65802,WT,Plate1,Gq
aMSH,1e-8,67423,WT,Plate1,Gq
aMSH,1e-7,112027,WT,Plate1,Gq
aMSH,1e-6,105424,WT,Plate1,Gq
DMSO,0,49807,WT,Plate1,Gq
aMSH,1e-10,58015,WT,Plate1,Gq
aMSH,2.5e-10,50299,WT,Plate1,Gq
aMSH,5e-10,36907,WT,Plate1,Gq
aMSH,1e-9,58283,WT,Plate1,Gq
aMSH,1.5e-9,65460,WT,Plate1,Gq
aMSH,2.5e-9,55891,WT,Plate1,Gq
aMSH,5e-9,71660,WT,Plate1,Gq
aMSH,1e-8,72756,WT,Plate1,Gq
aMSH,1e-7,112698,WT,Plate1,Gq
aMSH,1e-6,124109,WT,Plate1,Gq
DMSO,0,37574,WT,Plate1,Gq
aMSH,1e-10,50722,WT,Plate1,Gq
aMSH,2.5e-10,51579,WT,Plate1,Gq
aMSH,5e-10,35042,WT,Plate1,Gq
aMSH,1e-9,67207,WT,Plate1,Gq
aMSH,1.5e-9,68409,WT,Plate1,Gq
aMSH,2.5e-9,60786,WT,Plate1,Gq
aMSH,5e-9,66312,WT,Plate1,Gq
aMSH,1e-8,62817,WT,Plate1,Gq
aMSH,1e-7,116112,WT,Plate1,Gq
aMSH,1e-6,118161,WT,Plate1,Gq
DMSO,0,33823,WT,Plate1,Gq
THIQ,1e-10,58361,WT,Plate1,Gq
THIQ,2.5e-10,65878,WT,Plate1,Gq
THIQ,5e-10,60437,WT,Plate1,Gq
THIQ,1e-9,67958,WT,Plate1,Gq
THIQ,1.5e-9,73325,WT,Plate1,Gq
THIQ,2.5e-9,70835,WT,Plate1,Gq
THIQ,5e-9,75407,WT,Plate1,Gq
THIQ,1e-8,78397,WT,Plate1,Gq
THIQ,1e-7,106112,WT,Plate1,Gq
THIQ,1e-6,89055,WT,Plate1,Gq
THIQ,1e-5,20607,WT,Plate1,Gq
DMSO,0,32709,WT,Plate1,Gq
THIQ,1e-10,58144,WT,Plate1,Gq
THIQ,2.5e-10,65245,WT,Plate1,Gq
THIQ,5e-10,65147,WT,Plate1,Gq
THIQ,1e-9,75631,WT,Plate1,Gq
THIQ,1.5e-9,73749,WT,Plate1,Gq
THIQ,2.5e-9,79704,WT,Plate1,Gq
THIQ,5e-9,89569,WT,Plate1,Gq
THIQ,1e-8,87724,WT,Plate1,Gq
THIQ,1e-7,115941,WT,Plate1,Gq
THIQ,1e-6,87550,WT,Plate1,Gq
THIQ,1e-5,23542,WT,Plate1,Gq
DMSO,0,37404,WT,Plate1,Gq
THIQ,1e-10,61384,WT,Plate1,Gq
THIQ,2.5e-10,69830,WT,Plate1,Gq
THIQ,5e-10,64582,WT,Plate1,Gq
THIQ,1e-9,67704,WT,Plate1,Gq
THIQ,1.5e-9,81453,WT,Plate1,Gq
THIQ,2.5e-9,79175,WT,Plate1,Gq
THIQ,5e-9,92538,WT,Plate1,Gq
THIQ,1e-8,92198,WT,Plate1,Gq
THIQ,1e-7,109801,WT,Plate1,Gq
THIQ,1e-6,85968,WT,Plate1,Gq
THIQ,1e-5,18356,WT,Plate1,Gq
DMSO,0,36670,WT,Plate1,Gq
THIQ,1e-10,65718,WT,Plate1,Gq
THIQ,2.5e-10,76365,WT,Plate1,Gq
THIQ,5e-10,71529,WT,Plate1,Gq
THIQ,1e-9,64605,WT,Plate1,Gq
THIQ,1.5e-9,83543,WT,Plate1,Gq
THIQ,2.5e-9,86209,WT,Plate1,Gq
THIQ,5e-9,95644,WT,Plate1,Gq
THIQ,1e-8,85417,WT,Plate1,Gq
THIQ,1e-7,109293,WT,Plate1,Gq
THIQ,1e-6,80658,WT,Plate1,Gq
THIQ,1e-5,17532,WT,Plate1,Gq
